,stock1,stock2,sector,correlation
0,AAPL,ADBE,Technology,0.575088807502441
1,AAPL,ADI,Technology,0.48711336048289033
2,AAPL,ADP,Technology,0.4941674855359496
3,AAPL,ADSK,Technology,0.4400920091811118
4,AAPL,AMAT,Technology,0.5200385622281761
5,AAPL,AMD,Technology,0.5476346923535643
6,AAPL,ANSS,Technology,0.45102192254927537
7,AAPL,ASML,Technology,0.5274287172790817
8,AAPL,AVGO,Technology,0.6604917425936738
9,AAPL,BIDU,Technology,0.48789982238535995
10,AAPL,CDNS,Technology,0.3732604110332563
11,AAPL,CHKP,Technology,0.37044344490141845
12,AAPL,CTSH,Technology,0.37214559203683717
13,AAPL,EA,Technology,0.56077657140861
14,AAPL,GOOG,Technology,0.7279274602897903
15,AAPL,GOOGL,Technology,0.7083789820057973
16,AAPL,INTC,Technology,0.6278693750426828
17,AAPL,INTU,Technology,0.5164803713869122
18,AAPL,KLAC,Technology,0.38577171702716706
19,AAPL,LRCX,Technology,0.4886903576069779
20,AAPL,MCHP,Technology,0.5216983138336034
21,AAPL,MRVL,Technology,0.45041845270653846
22,AAPL,MSFT,Technology,0.6943002596584575
23,AAPL,MTCH,Technology,0.3629830226789875
24,AAPL,MU,Technology,0.5038452155853158
25,AAPL,NTES,Technology,0.50720200418319
26,AAPL,NVDA,Technology,0.5067258321896232
28,AAPL,QCOM,Technology,0.4804579801669114
29,AAPL,SNPS,Technology,0.6024528232572925
30,AAPL,SWKS,Technology,0.39627130300716623
31,AAPL,TXN,Technology,0.6167716908838171
32,AAPL,VRSN,Technology,0.3377326320467356
33,AAPL,XLNX,Technology,0.46645742425920234
34,ADBE,ADI,Technology,0.6496940659158685
35,ADBE,ADP,Technology,0.38719488255359064
36,ADBE,ADSK,Technology,0.4541907948777706
37,ADBE,AMAT,Technology,0.5725709813091606
38,ADBE,AMD,Technology,0.4835643244043436
40,ADBE,ASML,Technology,0.5847371894874678
41,ADBE,AVGO,Technology,0.6664439499392887
42,ADBE,BIDU,Technology,0.6038379300109075
43,ADBE,CDNS,Technology,0.3859215193724872
44,ADBE,CHKP,Technology,0.40798108347143486
45,ADBE,CTSH,Technology,0.5277818243101717
46,ADBE,EA,Technology,0.7328845279343664
47,ADBE,GOOG,Technology,0.7227104968296476
48,ADBE,GOOGL,Technology,0.7400228788476416
49,ADBE,INTC,Technology,0.7097105293577434
50,ADBE,INTU,Technology,0.580456727998394
51,ADBE,KLAC,Technology,0.4995406850966093
52,ADBE,LRCX,Technology,0.6045754822549915
53,ADBE,MCHP,Technology,0.6708259473339475
54,ADBE,MRVL,Technology,0.537967023090217
55,ADBE,MSFT,Technology,0.7803119772728043
56,ADBE,MTCH,Technology,0.4678125179054244
57,ADBE,MU,Technology,0.4458098543300586
58,ADBE,NTES,Technology,0.5342819318179421
59,ADBE,NVDA,Technology,0.36635458772639373
61,ADBE,QCOM,Technology,0.604526339613927
62,ADBE,SNPS,Technology,0.5828665173798727
63,ADBE,SWKS,Technology,0.45642749537850247
64,ADBE,TXN,Technology,0.5415434446388329
65,ADBE,VRSN,Technology,0.34307787381744215
66,ADBE,XLNX,Technology,0.5339781437298453
67,ADI,ADP,Technology,0.5120769270188293
68,ADI,ADSK,Technology,0.6254444582190205
69,ADI,AMAT,Technology,0.8183293954930161
70,ADI,AMD,Technology,0.5611355582961471
71,ADI,ANSS,Technology,0.4132280360341624
72,ADI,ASML,Technology,0.6799891003488426
73,ADI,AVGO,Technology,0.7865105623617669
74,ADI,BIDU,Technology,0.3911832596503577
75,ADI,CDNS,Technology,0.35153002858543575
76,ADI,CHKP,Technology,0.3925295244502318
77,ADI,CTSH,Technology,0.46290689474328156
78,ADI,EA,Technology,0.5850166705178729
79,ADI,GOOG,Technology,0.4824109068412546
80,ADI,GOOGL,Technology,0.47716988462346643
81,ADI,INTC,Technology,0.7379972332233394
82,ADI,INTU,Technology,0.47382506734896096
83,ADI,KLAC,Technology,0.7231961776350188
84,ADI,LRCX,Technology,0.8285271016912569
85,ADI,MCHP,Technology,0.8484919624943992
86,ADI,MRVL,Technology,0.6605493136950907
87,ADI,MSFT,Technology,0.5091026870297148
88,ADI,MTCH,Technology,0.4388580373109805
89,ADI,MU,Technology,0.6929481213035664
90,ADI,NTES,Technology,0.4027478270898329
91,ADI,NVDA,Technology,0.4827486493390829
93,ADI,QCOM,Technology,0.7581082190662131
94,ADI,SNPS,Technology,0.6552118261516301
95,ADI,SWKS,Technology,0.7791374681959478
96,ADI,TXN,Technology,0.8251933208404382
98,ADI,XLNX,Technology,0.6821487537097892
99,ADP,ADSK,Technology,0.45771757255732975
100,ADP,AMAT,Technology,0.3233177962240552
101,ADP,AMD,Technology,0.3387798240836181
102,ADP,ANSS,Technology,0.5528136851723016
103,ADP,ASML,Technology,0.516419607009649
104,ADP,AVGO,Technology,0.607264486563073
107,ADP,CHKP,Technology,0.4405689332357022
108,ADP,CTSH,Technology,0.4509305586151133
109,ADP,EA,Technology,0.33785425736937214
110,ADP,GOOG,Technology,0.4294747596081285
111,ADP,GOOGL,Technology,0.3949024046245408
112,ADP,INTC,Technology,0.5007684507907328
113,ADP,INTU,Technology,0.6100862922215401
114,ADP,KLAC,Technology,0.4798199386462784
115,ADP,LRCX,Technology,0.515018891586509
116,ADP,MCHP,Technology,0.3551745104909147
117,ADP,MRVL,Technology,0.4471394093853168
118,ADP,MSFT,Technology,0.44386588510169583
119,ADP,MTCH,Technology,0.38430345835293755
120,ADP,MU,Technology,0.4610080679892811
121,ADP,NTES,Technology,0.37936237861387845
122,ADP,NVDA,Technology,0.3048284122743723
125,ADP,SNPS,Technology,0.4703981809099624
126,ADP,SWKS,Technology,0.5058982430083266
127,ADP,TXN,Technology,0.531502716337366
129,ADP,XLNX,Technology,0.4024790696949816
130,ADSK,AMAT,Technology,0.5118140536491489
131,ADSK,AMD,Technology,0.4451745511531248
132,ADSK,ANSS,Technology,0.3383920746019765
133,ADSK,ASML,Technology,0.5492702095966402
134,ADSK,AVGO,Technology,0.48405937303943164
135,ADSK,BIDU,Technology,0.3481650756481744
137,ADSK,CHKP,Technology,0.39385775411204366
138,ADSK,CTSH,Technology,0.5535503974511246
139,ADSK,EA,Technology,0.3452571683459432
140,ADSK,GOOG,Technology,0.34037838480492233
141,ADSK,GOOGL,Technology,0.345022574235522
142,ADSK,INTC,Technology,0.5683297123566888
143,ADSK,INTU,Technology,0.44400911707209767
144,ADSK,KLAC,Technology,0.6057195378260328
145,ADSK,LRCX,Technology,0.522384816167246
146,ADSK,MCHP,Technology,0.6368252555234681
147,ADSK,MRVL,Technology,0.5199430910956654
148,ADSK,MSFT,Technology,0.3033410267126262
149,ADSK,MTCH,Technology,0.3839852953066285
150,ADSK,MU,Technology,0.6242358859556834
151,ADSK,NTES,Technology,0.3291724137097768
152,ADSK,NVDA,Technology,0.3221419957189295
154,ADSK,QCOM,Technology,0.6066143554741551
155,ADSK,SNPS,Technology,0.5044316941422414
156,ADSK,SWKS,Technology,0.622186441994973
157,ADSK,TXN,Technology,0.5847547358565374
158,ADSK,VRSN,Technology,0.4937339286204908
159,ADSK,XLNX,Technology,0.5044500771618027
160,AEP,EXC,Utilities,0.6910507767671477
161,AEP,XEL,Utilities,0.9278717066069773
163,ALGN,BIIB,Health Care,0.3387839253844588
164,ALGN,CERN,Health Care,0.32019082272185856
165,ALGN,DXCM,Health Care,0.5169155372811227
167,ALGN,IDXX,Health Care,0.6003247017221202
169,ALGN,INCY,Health Care,0.4773293978815035
172,ALGN,SGEN,Health Care,0.41194793458777906
173,ALGN,VRTX,Health Care,0.34165372102783964
174,AMAT,AMD,Technology,0.503665007690864
176,AMAT,ASML,Technology,0.5924956126093379
177,AMAT,AVGO,Technology,0.7233957430440796
179,AMAT,CDNS,Technology,0.4546472133945351
180,AMAT,CHKP,Technology,0.3769524852017073
181,AMAT,CTSH,Technology,0.4062409514675195
182,AMAT,EA,Technology,0.6114364107070581
183,AMAT,GOOG,Technology,0.5517505251900391
184,AMAT,GOOGL,Technology,0.521814239191751
185,AMAT,INTC,Technology,0.6176464542995579
186,AMAT,INTU,Technology,0.38705426181325386
187,AMAT,KLAC,Technology,0.6641808110790663
188,AMAT,LRCX,Technology,0.8394687597190515
189,AMAT,MCHP,Technology,0.8107560017777926
190,AMAT,MRVL,Technology,0.5862054952156239
191,AMAT,MSFT,Technology,0.542535330396506
192,AMAT,MTCH,Technology,0.4192344985272774
193,AMAT,MU,Technology,0.7181213315198048
194,AMAT,NTES,Technology,0.3570662506607263
195,AMAT,NVDA,Technology,0.5310983816993091
196,AMAT,NXPI,Technology,0.31613106345540004
197,AMAT,QCOM,Technology,0.7300281004996546
198,AMAT,SNPS,Technology,0.6285718152050435
199,AMAT,SWKS,Technology,0.7266501266403083
200,AMAT,TXN,Technology,0.7233483291108842
202,AMAT,XLNX,Technology,0.6553717454336088
203,AMD,ANSS,Technology,0.4149540492778292
204,AMD,ASML,Technology,0.4450157910773121
205,AMD,AVGO,Technology,0.504980431887926
207,AMD,CDNS,Technology,0.4403964416629698
208,AMD,CHKP,Technology,0.47021482233771106
209,AMD,CTSH,Technology,0.30624495432383164
210,AMD,EA,Technology,0.4596916945739146
211,AMD,GOOG,Technology,0.5167450767343701
212,AMD,GOOGL,Technology,0.5273135935433794
213,AMD,INTC,Technology,0.5287748853866959
214,AMD,INTU,Technology,0.33068224679045766
215,AMD,KLAC,Technology,0.44401776479233207
216,AMD,LRCX,Technology,0.5202843994668865
217,AMD,MCHP,Technology,0.5327564888381371
218,AMD,MRVL,Technology,0.3908953939637274
219,AMD,MSFT,Technology,0.3486612526561538
221,AMD,MU,Technology,0.5140433146522
222,AMD,NTES,Technology,0.4066786688457303
223,AMD,NVDA,Technology,0.6879275355108194
225,AMD,QCOM,Technology,0.47280915859762007
226,AMD,SNPS,Technology,0.5892849259302709
227,AMD,SWKS,Technology,0.5336692905370957
228,AMD,TXN,Technology,0.5520806073021778
230,AMD,XLNX,Technology,0.5489656817002133
232,AMGN,CERN,Health Care,0.35658827177454033
234,AMGN,GILD,Health Care,0.3686414784499244
236,AMGN,ILMN,Health Care,0.47765579330477304
237,AMGN,INCY,Health Care,0.46739926405817556
238,AMGN,ISRG,Health Care,0.3708852688529255
239,AMGN,REGN,Health Care,0.3321698603124868
241,AMGN,VRTX,Health Care,0.3224820251632578
242,AMZN,BKNG,Consumer Discretionary,0.6309440204179574
245,AMZN,CTAS,Consumer Discretionary,0.3686637372597503
247,AMZN,EBAY,Consumer Discretionary,0.4125454778507353
249,AMZN,FISV,Consumer Discretionary,0.5078792095142098
252,AMZN,MELI,Consumer Discretionary,0.48906838029649224
253,AMZN,NFLX,Consumer Discretionary,0.4959231706801193
254,AMZN,ORLY,Consumer Discretionary,0.4960954184540299
258,AMZN,SBUX,Consumer Discretionary,0.4372855813002724
259,AMZN,SIRI,Consumer Discretionary,0.33435061148270734
260,AMZN,TCOM,Consumer Discretionary,0.4014545098982528
261,AMZN,TSLA,Consumer Discretionary,0.5429834583443619
262,AMZN,VRSK,Consumer Discretionary,0.45292930404654697
263,ANSS,ASML,Technology,0.5299471850797318
264,ANSS,AVGO,Technology,0.5079423565574464
265,ANSS,BIDU,Technology,0.35218450607353546
266,ANSS,CDNS,Technology,0.3066099171682132
267,ANSS,CHKP,Technology,0.4674595193234946
268,ANSS,CTSH,Technology,0.3084535497157432
270,ANSS,GOOG,Technology,0.3179068059827596
271,ANSS,GOOGL,Technology,0.33088627017149036
272,ANSS,INTC,Technology,0.5046052143399
273,ANSS,INTU,Technology,0.48392274754677683
275,ANSS,LRCX,Technology,0.30933017601685625
276,ANSS,MCHP,Technology,0.34890481239068016
277,ANSS,MRVL,Technology,0.490424182388346
278,ANSS,MSFT,Technology,0.3881391695642316
279,ANSS,MTCH,Technology,0.3862369802892711
282,ANSS,NVDA,Technology,0.40294065347927915
285,ANSS,SNPS,Technology,0.501045614544437
287,ANSS,TXN,Technology,0.4381708666722016
288,ANSS,VRSN,Technology,0.3877448207783418
289,ANSS,XLNX,Technology,0.36072037679062696
290,ASML,AVGO,Technology,0.650966998512554
291,ASML,BIDU,Technology,0.4541118338363759
293,ASML,CHKP,Technology,0.33718177262755017
294,ASML,CTSH,Technology,0.4891435446230437
295,ASML,EA,Technology,0.45589917954574266
296,ASML,GOOG,Technology,0.42691531106581626
297,ASML,GOOGL,Technology,0.4447622393751354
298,ASML,INTC,Technology,0.6633094606254815
299,ASML,INTU,Technology,0.546801539000647
300,ASML,KLAC,Technology,0.6158123573581141
301,ASML,LRCX,Technology,0.6023471063630094
302,ASML,MCHP,Technology,0.658239184064164
303,ASML,MRVL,Technology,0.49874274538313745
304,ASML,MSFT,Technology,0.5720015076261011
305,ASML,MTCH,Technology,0.5466758607462064
306,ASML,MU,Technology,0.5165287798090239
307,ASML,NTES,Technology,0.4192466539990346
308,ASML,NVDA,Technology,0.3406109553399172
310,ASML,QCOM,Technology,0.5565207498980103
311,ASML,SNPS,Technology,0.5445467689379662
312,ASML,SWKS,Technology,0.5882897868008288
313,ASML,TXN,Technology,0.6982558194060112
314,ASML,VRSN,Technology,0.38895104478664655
315,ASML,XLNX,Technology,0.35027564988210036
318,ATVI,CSCO,Telecommunications,0.3598925112506812
319,ATVI,TMUS,Telecommunications,0.3770202815855682
320,AVGO,BIDU,Technology,0.4580787735816335
321,AVGO,CDNS,Technology,0.43579320481012784
322,AVGO,CHKP,Technology,0.3882873609142661
323,AVGO,CTSH,Technology,0.43068019895590254
324,AVGO,EA,Technology,0.6811743332699456
325,AVGO,GOOG,Technology,0.645004762938467
326,AVGO,GOOGL,Technology,0.6457203090699518
327,AVGO,INTC,Technology,0.7398251841028893
328,AVGO,INTU,Technology,0.5509930087514576
329,AVGO,KLAC,Technology,0.6243788653095855
330,AVGO,LRCX,Technology,0.762261997235542
331,AVGO,MCHP,Technology,0.7466274182379967
332,AVGO,MRVL,Technology,0.6514256490047827
333,AVGO,MSFT,Technology,0.6555015978806643
334,AVGO,MTCH,Technology,0.4933834231369904
335,AVGO,MU,Technology,0.5866417152865624
336,AVGO,NTES,Technology,0.5723449354991429
337,AVGO,NVDA,Technology,0.5373911227504301
339,AVGO,QCOM,Technology,0.6263333780880584
340,AVGO,SNPS,Technology,0.6857882119826733
341,AVGO,SWKS,Technology,0.6766294030395603
342,AVGO,TXN,Technology,0.7567615820575249
344,AVGO,XLNX,Technology,0.5997618779046505
348,BIDU,EA,Technology,0.6136257097763175
349,BIDU,GOOG,Technology,0.5505379053802324
350,BIDU,GOOGL,Technology,0.6486617913791148
351,BIDU,INTC,Technology,0.4793036142226419
352,BIDU,INTU,Technology,0.3098780958301505
354,BIDU,LRCX,Technology,0.3347717161103468
355,BIDU,MCHP,Technology,0.4482971686247958
356,BIDU,MRVL,Technology,0.43060622168895657
357,BIDU,MSFT,Technology,0.5865782121751938
358,BIDU,MTCH,Technology,0.42327075519191415
360,BIDU,NTES,Technology,0.3865656267265751
363,BIDU,QCOM,Technology,0.3289123643292742
364,BIDU,SNPS,Technology,0.330897546199903
366,BIDU,TXN,Technology,0.42476503099565444
374,BIIB,INCY,Health Care,0.5768866614247352
376,BIIB,REGN,Health Care,0.4636570551048461
377,BIIB,SGEN,Health Care,0.5793257270987207
378,BIIB,VRTX,Health Care,0.39940322361653424
380,BKNG,CPRT,Consumer Discretionary,0.33022435360444513
381,BKNG,CTAS,Consumer Discretionary,0.3923316201172139
382,BKNG,DLTR,Consumer Discretionary,0.3763485091400903
383,BKNG,EBAY,Consumer Discretionary,0.3428427329596196
385,BKNG,FISV,Consumer Discretionary,0.46044084518586853
386,BKNG,LULU,Consumer Discretionary,0.41599161585518274
388,BKNG,MELI,Consumer Discretionary,0.4077948411450467
389,BKNG,NFLX,Consumer Discretionary,0.33895667792634127
390,BKNG,ORLY,Consumer Discretionary,0.3355010404293449
394,BKNG,SBUX,Consumer Discretionary,0.33723226230236736
396,BKNG,TCOM,Consumer Discretionary,0.38927894038664057
397,BKNG,TSLA,Consumer Discretionary,0.46335700642374683
398,BKNG,VRSK,Consumer Discretionary,0.40131822967096087
399,CDNS,CHKP,Technology,0.37024414333663924
401,CDNS,EA,Technology,0.4015461080980415
402,CDNS,GOOG,Technology,0.4092285217509984
403,CDNS,GOOGL,Technology,0.46720981741026746
404,CDNS,INTC,Technology,0.41177324758371675
407,CDNS,LRCX,Technology,0.4890312101427314
408,CDNS,MCHP,Technology,0.40680370936684085
410,CDNS,MSFT,Technology,0.30976450591719235
411,CDNS,MTCH,Technology,0.3191042264258195
412,CDNS,MU,Technology,0.39635196743675566
413,CDNS,NTES,Technology,0.40687425710471103
414,CDNS,NVDA,Technology,0.5737056446762956
417,CDNS,SNPS,Technology,0.511388333350857
421,CDNS,XLNX,Technology,0.30128726954896845
422,CERN,DXCM,Health Care,0.4653422648045904
423,CERN,GILD,Health Care,0.4824546131614744
424,CERN,IDXX,Health Care,0.5172559344502744
427,CERN,ISRG,Health Care,0.46296564907204363
431,CHKP,CTSH,Technology,0.38539459014898647
433,CHKP,GOOG,Technology,0.3745084981398381
434,CHKP,GOOGL,Technology,0.39420180834726437
435,CHKP,INTC,Technology,0.48926974630425407
436,CHKP,INTU,Technology,0.34491104670891876
437,CHKP,KLAC,Technology,0.33422807750746697
438,CHKP,LRCX,Technology,0.37748688565583577
439,CHKP,MCHP,Technology,0.419317295644817
440,CHKP,MRVL,Technology,0.496245709119898
441,CHKP,MSFT,Technology,0.3923309442360039
443,CHKP,MU,Technology,0.3043649592448526
444,CHKP,NTES,Technology,0.3814252400139644
445,CHKP,NVDA,Technology,0.5059778546294922
447,CHKP,QCOM,Technology,0.4228965325748807
448,CHKP,SNPS,Technology,0.40854630093356586
449,CHKP,SWKS,Technology,0.32990675517790613
450,CHKP,TXN,Technology,0.401359542110293
451,CHKP,VRSN,Technology,0.36921725513111503
452,CHKP,XLNX,Technology,0.43517687676240413
453,CHTR,CMCSA,Telecommunications,0.5475878536415083
454,CHTR,CSCO,Telecommunications,0.37855419555935454
455,CHTR,TMUS,Telecommunications,0.4436239794969351
458,COST,CPRT,Consumer Discretionary,0.3527136278697264
459,COST,CTAS,Consumer Discretionary,0.5133699304898781
460,COST,DLTR,Consumer Discretionary,0.45243140210978455
461,COST,EBAY,Consumer Discretionary,0.3626069416875445
462,COST,FAST,Consumer Discretionary,0.3702723884688875
463,COST,FISV,Consumer Discretionary,0.40181772753461753
464,COST,LULU,Consumer Discretionary,0.43804902905769716
465,COST,MAR,Consumer Discretionary,0.41259109239576935
468,COST,ORLY,Consumer Discretionary,0.41137503099661876
469,COST,PAYX,Consumer Discretionary,0.47740814022193073
470,COST,PCAR,Consumer Discretionary,0.3934812665284554
471,COST,ROST,Consumer Discretionary,0.3222575506811683
472,COST,SBUX,Consumer Discretionary,0.48312343158085475
476,COST,VRSK,Consumer Discretionary,0.3164314098078327
477,CPRT,CTAS,Consumer Discretionary,0.30969851483594735
478,CPRT,DLTR,Consumer Discretionary,0.5401368653986705
480,CPRT,FAST,Consumer Discretionary,0.4500126394395699
481,CPRT,FISV,Consumer Discretionary,0.5241028313406038
482,CPRT,LULU,Consumer Discretionary,0.32692573051161544
483,CPRT,MAR,Consumer Discretionary,0.5261462441644055
485,CPRT,NFLX,Consumer Discretionary,0.3146530676731645
486,CPRT,ORLY,Consumer Discretionary,0.46894283015593385
487,CPRT,PAYX,Consumer Discretionary,0.40391977649914157
488,CPRT,PCAR,Consumer Discretionary,0.3293373080220041
489,CPRT,ROST,Consumer Discretionary,0.38977105906469106
490,CPRT,SBUX,Consumer Discretionary,0.38249304205425716
491,CPRT,SIRI,Consumer Discretionary,0.3584505976462139
493,CPRT,TSLA,Consumer Discretionary,0.30233501399782137
494,CPRT,VRSK,Consumer Discretionary,0.34048207753946524
495,CSCO,TMUS,Telecommunications,0.36212680257415764
496,CSX,HON,Industrials,0.3227577895849507
497,CTAS,DLTR,Consumer Discretionary,0.3622552292315039
498,CTAS,EBAY,Consumer Discretionary,0.46720545933204466
499,CTAS,FAST,Consumer Discretionary,0.5717494035759594
500,CTAS,FISV,Consumer Discretionary,0.3769009018657561
502,CTAS,MAR,Consumer Discretionary,0.4327010221894521
503,CTAS,MELI,Consumer Discretionary,0.3104609786986973
505,CTAS,ORLY,Consumer Discretionary,0.48599509818047454
506,CTAS,PAYX,Consumer Discretionary,0.4882416228666062
507,CTAS,PCAR,Consumer Discretionary,0.5466061441885611
508,CTAS,ROST,Consumer Discretionary,0.43174596881911304
509,CTAS,SBUX,Consumer Discretionary,0.6206702216799466
510,CTAS,SIRI,Consumer Discretionary,0.3226984003037842
513,CTAS,VRSK,Consumer Discretionary,0.5647292666880767
514,CTSH,EA,Technology,0.3679718333992731
515,CTSH,GOOG,Technology,0.37685230809261694
516,CTSH,GOOGL,Technology,0.3959679841428458
517,CTSH,INTC,Technology,0.6120726581691245
518,CTSH,INTU,Technology,0.4326507832142286
519,CTSH,KLAC,Technology,0.6144403423110723
520,CTSH,LRCX,Technology,0.5482357376705131
521,CTSH,MCHP,Technology,0.4814469852705501
522,CTSH,MRVL,Technology,0.4744357172950794
523,CTSH,MSFT,Technology,0.5205914938702599
525,CTSH,MU,Technology,0.5628357001336087
526,CTSH,NTES,Technology,0.320243470050651
527,CTSH,NVDA,Technology,0.4081092287104218
529,CTSH,QCOM,Technology,0.43136665392303625
530,CTSH,SNPS,Technology,0.5464523996269413
531,CTSH,SWKS,Technology,0.46353095506277114
532,CTSH,TXN,Technology,0.5283610467713294
534,CTSH,XLNX,Technology,0.3387719540995142
536,DLTR,FAST,Consumer Discretionary,0.38937375320915935
537,DLTR,FISV,Consumer Discretionary,0.4630874379598724
538,DLTR,LULU,Consumer Discretionary,0.43477861778784194
539,DLTR,MAR,Consumer Discretionary,0.34997774380101226
542,DLTR,ORLY,Consumer Discretionary,0.426277922844556
546,DLTR,SBUX,Consumer Discretionary,0.3674623784734751
552,DXCM,IDXX,Health Care,0.37799041680003964
554,DXCM,INCY,Health Care,0.3922241822528963
556,DXCM,REGN,Health Care,0.38897469510196525
558,DXCM,VRTX,Health Care,0.44990171714217964
559,EA,GOOG,Technology,0.675695558418309
560,EA,GOOGL,Technology,0.6814438070052984
561,EA,INTC,Technology,0.5237487967243236
562,EA,INTU,Technology,0.3732205395237696
563,EA,KLAC,Technology,0.42887624578650446
564,EA,LRCX,Technology,0.652627460152405
565,EA,MCHP,Technology,0.6199432726380717
566,EA,MRVL,Technology,0.5339233774172403
567,EA,MSFT,Technology,0.6819284233461631
568,EA,MTCH,Technology,0.3837430424770783
569,EA,MU,Technology,0.44702608358568857
570,EA,NTES,Technology,0.5700624084517114
571,EA,NVDA,Technology,0.4154612774602432
573,EA,QCOM,Technology,0.4844813885592371
574,EA,SNPS,Technology,0.6302112464876333
575,EA,SWKS,Technology,0.46285094724698256
576,EA,TXN,Technology,0.538673747165553
578,EA,XLNX,Technology,0.4934215271729329
579,EBAY,FAST,Consumer Discretionary,0.3331014383071935
580,EBAY,FISV,Consumer Discretionary,0.4090011009468003
584,EBAY,NFLX,Consumer Discretionary,0.3810982732410919
586,EBAY,PAYX,Consumer Discretionary,0.4163000948309895
589,EBAY,SBUX,Consumer Discretionary,0.3085122053185687
591,EBAY,TCOM,Consumer Discretionary,0.3384760514515571
592,EBAY,TSLA,Consumer Discretionary,0.32039099992383396
593,EBAY,VRSK,Consumer Discretionary,0.35963195471800047
594,EXC,XEL,Utilities,0.6916836503138067
595,FAST,FISV,Consumer Discretionary,0.46270800195027817
597,FAST,MAR,Consumer Discretionary,0.5202467223737627
599,FAST,NFLX,Consumer Discretionary,0.33130857840054173
600,FAST,ORLY,Consumer Discretionary,0.5116872105264013
601,FAST,PAYX,Consumer Discretionary,0.6521057226856654
602,FAST,PCAR,Consumer Discretionary,0.6477090983904067
603,FAST,ROST,Consumer Discretionary,0.3089703071709197
604,FAST,SBUX,Consumer Discretionary,0.5023113992960816
605,FAST,SIRI,Consumer Discretionary,0.3949403652384498
608,FAST,VRSK,Consumer Discretionary,0.4338674652215296
609,FISV,LULU,Consumer Discretionary,0.38419804161009413
610,FISV,MAR,Consumer Discretionary,0.3696067258312512
611,FISV,MELI,Consumer Discretionary,0.3529240112199016
612,FISV,NFLX,Consumer Discretionary,0.38514624020150046
613,FISV,ORLY,Consumer Discretionary,0.509648002660868
614,FISV,PAYX,Consumer Discretionary,0.561544208225686
616,FISV,ROST,Consumer Discretionary,0.42676874373513574
617,FISV,SBUX,Consumer Discretionary,0.5204702317086771
620,FISV,TSLA,Consumer Discretionary,0.42542448797555166
621,FISV,VRSK,Consumer Discretionary,0.47453908325982935
626,GILD,REGN,Health Care,0.33656630055693043
628,GILD,VRTX,Health Care,0.38001044163167746
629,GOOG,GOOGL,Technology,0.9669513255456503
630,GOOG,INTC,Technology,0.626977331173088
631,GOOG,INTU,Technology,0.48624342999404024
632,GOOG,KLAC,Technology,0.37576782788654817
633,GOOG,LRCX,Technology,0.5489421385724302
634,GOOG,MCHP,Technology,0.5281089536311613
635,GOOG,MRVL,Technology,0.46817114472139787
636,GOOG,MSFT,Technology,0.8147665163880509
637,GOOG,MTCH,Technology,0.4416833996416267
638,GOOG,MU,Technology,0.42160975072829526
639,GOOG,NTES,Technology,0.5876518660283848
640,GOOG,NVDA,Technology,0.459715963659376
642,GOOG,QCOM,Technology,0.49768072040497396
643,GOOG,SNPS,Technology,0.6151185637009076
644,GOOG,SWKS,Technology,0.4924471182977486
645,GOOG,TXN,Technology,0.5330392824268841
647,GOOG,XLNX,Technology,0.5006671702287874
648,GOOGL,INTC,Technology,0.6364496726382478
649,GOOGL,INTU,Technology,0.46647367164166453
650,GOOGL,KLAC,Technology,0.37067735252541967
651,GOOGL,LRCX,Technology,0.553502810112474
652,GOOGL,MCHP,Technology,0.5450970438211198
653,GOOGL,MRVL,Technology,0.4727483109052395
654,GOOGL,MSFT,Technology,0.7967649350497028
655,GOOGL,MTCH,Technology,0.4853407000056179
656,GOOGL,MU,Technology,0.42892978185716013
657,GOOGL,NTES,Technology,0.5664224091140881
658,GOOGL,NVDA,Technology,0.48295634563661977
660,GOOGL,QCOM,Technology,0.47198687825309865
661,GOOGL,SNPS,Technology,0.5839221604928099
662,GOOGL,SWKS,Technology,0.4634749000506186
663,GOOGL,TXN,Technology,0.535877167441588
665,GOOGL,XLNX,Technology,0.4676189966780098
668,IDXX,ISRG,Health Care,0.36446330415506534
672,ILMN,INCY,Health Care,0.338779735265424
673,ILMN,ISRG,Health Care,0.3379236654709497
678,INCY,REGN,Health Care,0.5664589912909674
679,INCY,SGEN,Health Care,0.4855780371326787
680,INCY,VRTX,Health Care,0.5903583512300657
681,INTC,INTU,Technology,0.6260836418976381
682,INTC,KLAC,Technology,0.6269908257611286
683,INTC,LRCX,Technology,0.6509485732945348
684,INTC,MCHP,Technology,0.7191751619230845
685,INTC,MRVL,Technology,0.6210458235531894
686,INTC,MSFT,Technology,0.6998024720957282
687,INTC,MTCH,Technology,0.4745164212295049
688,INTC,MU,Technology,0.5934677761606835
689,INTC,NTES,Technology,0.4325643169098403
690,INTC,NVDA,Technology,0.5329391478349121
692,INTC,QCOM,Technology,0.7070705649954996
693,INTC,SNPS,Technology,0.6798232622124797
694,INTC,SWKS,Technology,0.602404396676209
695,INTC,TXN,Technology,0.7928271606518066
696,INTC,VRSN,Technology,0.3448057454534337
697,INTC,XLNX,Technology,0.6053799536701217
698,INTU,KLAC,Technology,0.4845082870864306
699,INTU,LRCX,Technology,0.5422582125556122
700,INTU,MCHP,Technology,0.4679132673058196
701,INTU,MRVL,Technology,0.5214543445350257
702,INTU,MSFT,Technology,0.522623490692632
703,INTU,MTCH,Technology,0.6055001002535058
704,INTU,MU,Technology,0.48289861079503354
705,INTU,NTES,Technology,0.4512731506191143
706,INTU,NVDA,Technology,0.3426541613249939
708,INTU,QCOM,Technology,0.38555325017594855
709,INTU,SNPS,Technology,0.49873216089446076
710,INTU,SWKS,Technology,0.47863426034118256
711,INTU,TXN,Technology,0.5511122900677272
712,INTU,VRSN,Technology,0.4036015594204638
713,INTU,XLNX,Technology,0.4271957471657096
717,KDP,MDLZ,Consumer Staples,0.5588609900271017
718,KDP,MNST,Consumer Staples,0.5982590029863382
719,KDP,PEP,Consumer Staples,0.6941082401765968
720,KDP,WBA,Consumer Staples,0.47645939700822876
721,KLAC,LRCX,Technology,0.750754654613262
722,KLAC,MCHP,Technology,0.6743637026339905
723,KLAC,MRVL,Technology,0.5620331614241255
724,KLAC,MSFT,Technology,0.4380240666751048
725,KLAC,MTCH,Technology,0.3195843454717344
726,KLAC,MU,Technology,0.6434479017436506
727,KLAC,NTES,Technology,0.31079137688138625
728,KLAC,NVDA,Technology,0.4523804934059405
730,KLAC,QCOM,Technology,0.5828654062733859
731,KLAC,SNPS,Technology,0.5704890408962283
732,KLAC,SWKS,Technology,0.7471939687535037
733,KLAC,TXN,Technology,0.7310916433476312
735,KLAC,XLNX,Technology,0.46695606292068736
736,LRCX,MCHP,Technology,0.8002424491337795
737,LRCX,MRVL,Technology,0.6252309423222981
738,LRCX,MSFT,Technology,0.5333819348723147
739,LRCX,MTCH,Technology,0.4609758476507626
740,LRCX,MU,Technology,0.7770159624156909
741,LRCX,NTES,Technology,0.4447482203370618
742,LRCX,NVDA,Technology,0.5652206563847703
744,LRCX,QCOM,Technology,0.6096669496901573
745,LRCX,SNPS,Technology,0.6715555430517562
746,LRCX,SWKS,Technology,0.8063231140757363
747,LRCX,TXN,Technology,0.7348988247459792
749,LRCX,XLNX,Technology,0.5197137518869386
753,LULU,ORLY,Consumer Discretionary,0.4093733038273152
754,LULU,PAYX,Consumer Discretionary,0.3874147461267028
757,LULU,SBUX,Consumer Discretionary,0.44762165778646595
760,LULU,TSLA,Consumer Discretionary,0.3063911321824236
764,MAR,ORLY,Consumer Discretionary,0.4249610590973317
765,MAR,PAYX,Consumer Discretionary,0.32663745113855014
766,MAR,PCAR,Consumer Discretionary,0.4572207707330709
767,MAR,ROST,Consumer Discretionary,0.5569078026101395
768,MAR,SBUX,Consumer Discretionary,0.5327102299650203
769,MAR,SIRI,Consumer Discretionary,0.45138396368639044
772,MAR,VRSK,Consumer Discretionary,0.3664531634325085
773,MCHP,MRVL,Technology,0.6592703542611354
774,MCHP,MSFT,Technology,0.5437410479493442
775,MCHP,MTCH,Technology,0.48442164452188885
776,MCHP,MU,Technology,0.6860159296003879
777,MCHP,NTES,Technology,0.46445913055780014
778,MCHP,NVDA,Technology,0.5032101751478743
780,MCHP,QCOM,Technology,0.7648089434297112
781,MCHP,SNPS,Technology,0.5803557022403613
782,MCHP,SWKS,Technology,0.7374733777990987
783,MCHP,TXN,Technology,0.7740345434213768
784,MCHP,VRSN,Technology,0.33772787297889617
785,MCHP,XLNX,Technology,0.5864764519118907
786,MDLZ,MNST,Consumer Staples,0.553927897017462
787,MDLZ,PEP,Consumer Staples,0.6023314068426069
788,MDLZ,WBA,Consumer Staples,0.46247596635503907
789,MELI,NFLX,Consumer Discretionary,0.3733814092461956
790,MELI,ORLY,Consumer Discretionary,0.3328245216643071
791,MELI,PAYX,Consumer Discretionary,0.31433209827077413
794,MELI,SBUX,Consumer Discretionary,0.33013149717819645
799,MNST,PEP,Consumer Staples,0.5704166718515322
800,MNST,WBA,Consumer Staples,0.5860121964199344
801,MRVL,MSFT,Technology,0.5649542384532994
802,MRVL,MTCH,Technology,0.36710239624644503
803,MRVL,MU,Technology,0.5289012579153628
804,MRVL,NTES,Technology,0.5247345778934354
805,MRVL,NVDA,Technology,0.5554784224609436
807,MRVL,QCOM,Technology,0.6253048454799198
808,MRVL,SNPS,Technology,0.4653745449927334
809,MRVL,SWKS,Technology,0.5160499370025196
810,MRVL,TXN,Technology,0.603265493485121
811,MRVL,VRSN,Technology,0.30350905541694634
812,MRVL,XLNX,Technology,0.6571439361848352
813,MSFT,MTCH,Technology,0.4737502925079094
814,MSFT,MU,Technology,0.3994850827924026
815,MSFT,NTES,Technology,0.5291098700558293
816,MSFT,NVDA,Technology,0.432725074069604
818,MSFT,QCOM,Technology,0.5366938593445044
819,MSFT,SNPS,Technology,0.5756488343154774
820,MSFT,SWKS,Technology,0.4000470514135274
821,MSFT,TXN,Technology,0.5708917922833993
823,MSFT,XLNX,Technology,0.4376605482621919
824,MTCH,MU,Technology,0.33036980028868174
825,MTCH,NTES,Technology,0.5018408772289756
826,MTCH,NVDA,Technology,0.3916430425197575
828,MTCH,QCOM,Technology,0.46902904955355884
829,MTCH,SNPS,Technology,0.4988792838518156
830,MTCH,SWKS,Technology,0.466128607708059
831,MTCH,TXN,Technology,0.5030095979112499
835,MU,NVDA,Technology,0.486981531731519
836,MU,NXPI,Technology,0.3389961553770601
837,MU,QCOM,Technology,0.5890049099847813
838,MU,SNPS,Technology,0.5374709834723671
839,MU,SWKS,Technology,0.6078042887539213
840,MU,TXN,Technology,0.6846978981216796
842,MU,XLNX,Technology,0.4644310308143625
843,NFLX,ORLY,Consumer Discretionary,0.43895627138126747
847,NFLX,SBUX,Consumer Discretionary,0.40037107799622673
852,NTES,NVDA,Technology,0.4353484362720357
854,NTES,QCOM,Technology,0.408441186238659
855,NTES,SNPS,Technology,0.5258690644178674
856,NTES,SWKS,Technology,0.49315664475447124
857,NTES,TXN,Technology,0.4572015019579518
858,NTES,VRSN,Technology,0.3109179427058471
861,NVDA,QCOM,Technology,0.4672313294194378
862,NVDA,SNPS,Technology,0.5455646952077676
863,NVDA,SWKS,Technology,0.44258533628048885
864,NVDA,TXN,Technology,0.5606118234628006
866,NVDA,XLNX,Technology,0.4832436008810021
867,NXPI,QCOM,Technology,0.3916225556334374
873,ORLY,PAYX,Consumer Discretionary,0.4917677760016121
874,ORLY,PCAR,Consumer Discretionary,0.3726731224138946
875,ORLY,ROST,Consumer Discretionary,0.4713998362577057
876,ORLY,SBUX,Consumer Discretionary,0.524730538383226
877,ORLY,SIRI,Consumer Discretionary,0.3463344562952466
879,ORLY,TSLA,Consumer Discretionary,0.4077016203379536
880,ORLY,VRSK,Consumer Discretionary,0.5634538881143195
881,PAYX,PCAR,Consumer Discretionary,0.45563075280569987
883,PAYX,SBUX,Consumer Discretionary,0.5210330296511654
884,PAYX,SIRI,Consumer Discretionary,0.34877301411085293
887,PAYX,VRSK,Consumer Discretionary,0.35667293606789696
889,PCAR,SBUX,Consumer Discretionary,0.5972716669145556
894,PEP,WBA,Consumer Staples,0.5508841660652792
895,QCOM,SNPS,Technology,0.6052926150186523
896,QCOM,SWKS,Technology,0.6207922585725452
897,QCOM,TXN,Technology,0.7324738278183258
899,QCOM,XLNX,Technology,0.5538577624748807
900,REGN,SGEN,Health Care,0.40558300980820344
901,REGN,VRTX,Health Care,0.5469611500335289
902,ROST,SBUX,Consumer Discretionary,0.4182693943580601
903,ROST,SIRI,Consumer Discretionary,0.3427712259028884
905,ROST,TSLA,Consumer Discretionary,0.425439537578769
906,ROST,VRSK,Consumer Discretionary,0.5655820541662839
910,SBUX,VRSK,Consumer Discretionary,0.389060178799096
911,SGEN,VRTX,Health Care,0.40908949218900104
913,SIRI,TSLA,Consumer Discretionary,0.3532918279773289
914,SIRI,VRSK,Consumer Discretionary,0.316848691889705
915,SNPS,SWKS,Technology,0.6045943446980319
916,SNPS,TXN,Technology,0.6340669011453024
918,SNPS,XLNX,Technology,0.5021493327012216
919,SWKS,TXN,Technology,0.7252081107170468
921,SWKS,XLNX,Technology,0.480688719196365
924,TSLA,VRSK,Consumer Discretionary,0.3669984061105999
926,TXN,XLNX,Technology,0.5708524616143724
